"pg_id","pg_name","full_address","locality","nearest_bus_stop","distance_to_bmsit_km","distance_to_bus_stop_km","nearest_metro","distance_to_metro_km","monthly_rent","security_deposit","additional_charges","room_type","furnishing_status","bathroom_type","wifi","food_included","ac","laundry","parking","locality_safety_rating","student_community_present","landlord_responsiveness_rating","food_rating","overall_student_rating","source","verification_link","local_image_path","google_place_id","google_maps_url","image_url","image_source","image_attribution"
"PG001","SVC Galaxy PG for Ladies","Nagenahalli Main Rd, Opposite BMSIT College, Bengaluru","Nagenahalli","Yelahanka Police Station","0.3","0.8","Yelahanka Metro (Upcoming)","8.8","9000","9000","Maintenance included","Triple","Fully Furnished","Attached","No","No","Yes","No","Yes","4.6","Yes","4.7","3.9","4.2","MagicBricks","https://www.google.com/maps/place/?q=place_id:ChIJX_xFZ14ZrjsRYip8tGp0Vno","/static/images/triple.png","ChIJX_xFZ14ZrjsRYip8tGp0Vno","https://www.google.com/maps/search/?api=1&query=SVC%20Galaxy%20PG%20for%20Ladies%20Nagenahalli%20Main%20Rd%2C%20Opposite%20BMSIT%20College%2C%20Bengaluru&query_place_id=ChIJX_xFZ14ZrjsRYip8tGp0Vno","/api/place-photo/ChIJX_xFZ14ZrjsRYip8tGp0Vno","Google Places API","See Google Places photo attribution response"
"PG002","Study Home PG For Boys","Doddaballapura Main Road, Near BMSIT, Bengaluru","Nagenahalli","Yelahanka NES Office","5.3","0.3","Yelahanka Metro (Upcoming)","8.3","6500","6500","Maintenance included","Double","Fully Furnished","Shared","Yes","Yes","Yes","Yes","Yes","4.6","No","4.5","4.2","4.9","MagicBricks","https://www.google.com/maps/place/?q=place_id:ChIJtfxnr8kZrjsRfTC7U0nqWPE","/static/images/double.png","ChIJtfxnr8kZrjsRfTC7U0nqWPE","https://www.google.com/maps/search/?api=1&query=Study%20Home%20PG%20For%20Boys%20Doddaballapura%20Main%20Road%2C%20Near%20BMSIT%2C%20Bengaluru&query_place_id=ChIJtfxnr8kZrjsRfTC7U0nqWPE","/api/place-photo/ChIJtfxnr8kZrjsRfTC7U0nqWPE","Google Places API","See Google Places photo attribution response"
"PG003","Sri Rama PG for Boys","Near BMSIT College, Nagenahalli, Bengaluru","Nagenahalli","Allalasandra Gate","2.4","0.3","Yelahanka Metro (Upcoming)","4.4","11000","11000","Electricity + WiFi extra","Dormitory","Semi Furnished","Shared","No","No","No","Yes","Yes","3.9","No","3.9","4.2","4.9","Google Maps","https://maps.google.com/?q=Sri+Rama+PG+for+Boys+Nagenahalli+BMSIT+Bengaluru","/static/images/double.png","","https://www.google.com/maps/search/?api=1&query=Sri%20Rama%20PG%20for%20Boys%20Near%20BMSIT%20College%2C%20Nagenahalli%2C%20Bengaluru","/static/images/double.png","Local fallback",""
"PG004","Happy Homes PG for Boys","Avalahalli Main Road, Bengaluru","Avalahalli","Aradeshanahalli","4.6","0.7","Yelahanka Metro (Upcoming)","4.5","11000","11000","Electricity + WiFi extra","Triple","Fully Furnished","Shared","No","Yes","No","No","Yes","4.4","No","3.6","3.9","4.6","Google Maps","https://www.google.com/maps/place/?q=place_id:ChIJ8e07egAZrjsRcsALT4a1Mv4","/static/images/triple.png","ChIJ8e07egAZrjsRcsALT4a1Mv4","https://www.google.com/maps/search/?api=1&query=Happy%20Homes%20PG%20for%20Boys%20Avalahalli%20Main%20Road%2C%20Bengaluru&query_place_id=ChIJ8e07egAZrjsRcsALT4a1Mv4","/api/place-photo/ChIJ8e07egAZrjsRcsALT4a1Mv4","Google Places API","See Google Places photo attribution response"
"PG005","Maa Anjani Ladies PG","Yelahanka New Town, Bengaluru","Yelahanka New Town","Allalasandra Gate","5.9","0.1","Yelahanka Metro (Upcoming)","7.2","7500","7500","Electricity extra","Triple","Fully Furnished","Attached","Yes","No","No","No","No","4.6","Yes","4.8","4.0","4.9","JustDial","https://www.google.com/maps/place/?q=place_id:ChIJfcIbOP4ZrjsRUuCJjdMlAuw","/static/images/triple.png","ChIJfcIbOP4ZrjsRUuCJjdMlAuw","https://www.google.com/maps/search/?api=1&query=Maa%20Anjani%20Ladies%20PG%20Yelahanka%20New%20Town%2C%20Bengaluru&query_place_id=ChIJfcIbOP4ZrjsRUuCJjdMlAuw","/api/place-photo/ChIJfcIbOP4ZrjsRUuCJjdMlAuw","Google Places API","See Google Places photo attribution response"
"PG006","Gangotri Boys PG","Gantiganahalli, Bengaluru","Gantiganahalli","Rajanukunte","0.6","0.3","Yelahanka Metro (Upcoming)","9.5","8500","8500","Maintenance included","Single","Semi Furnished","Shared","Yes","No","No","No","No","4.2","Yes","4.7","4.0","4.0","Google Maps","https://www.google.com/maps/place/?q=place_id:ChIJkWRe8YAZrjsR7Fl8EKTIWEw","/static/images/single.png","ChIJkWRe8YAZrjsR7Fl8EKTIWEw","https://www.google.com/maps/search/?api=1&query=Gangotri%20Boys%20PG%20Gantiganahalli%2C%20Bengaluru&query_place_id=ChIJkWRe8YAZrjsR7Fl8EKTIWEw","/api/place-photo/ChIJkWRe8YAZrjsR7Fl8EKTIWEw","Google Places API","See Google Places photo attribution response"
"PG007","SR Professional PG for Gents","Vinayak Nagar, Yelahanka, Bengaluru","Yelahanka","Escorts Yelahanka Road","0.7","0.3","Yelahanka Metro (Upcoming)","9.1","8000","8000","No additional charges","Double","Fully Furnished","Shared","No","Yes","No","Yes","Yes","4.3","No","4.5","4.5","4.8","NoBroker","https://www.google.com/maps/place/?q=place_id:ChIJ9Ut3EgAZrjsRCfvMmxM5poY","/static/images/double.png","ChIJ9Ut3EgAZrjsRCfvMmxM5poY","https://www.google.com/maps/search/?api=1&query=SR%20Professional%20PG%20for%20Gents%20Vinayak%20Nagar%2C%20Yelahanka%2C%20Bengaluru&query_place_id=ChIJ9Ut3EgAZrjsRCfvMmxM5poY","/api/place-photo/ChIJ9Ut3EgAZrjsRCfvMmxM5poY","Google Places API","See Google Places photo attribution response"
"PG008","KALASH HAPPY STAY LADIES PG","Sharadhanagar, Yelahanka, Bengaluru","Yelahanka","Nagenahalli Gate","3.1","0.8","Yelahanka Metro (Upcoming)","5.8","11000","11000","Maintenance included","Double","Fully Furnished","Shared","No","Yes","Yes","Yes","Yes","4.0","Yes","4.0","3.6","4.7","MagicBricks","https://www.google.com/maps/place/?q=place_id:ChIJmdGTtF8ZrjsRjJsSPLJcMYY","/static/images/double.png","ChIJmdGTtF8ZrjsRjJsSPLJcMYY","https://www.google.com/maps/search/?api=1&query=KALASH%20HAPPY%20STAY%20LADIES%20PG%20Sharadhanagar%2C%20Yelahanka%2C%20Bengaluru&query_place_id=ChIJmdGTtF8ZrjsRjJsSPLJcMYY","/api/place-photo/ChIJmdGTtF8ZrjsRjJsSPLJcMYY","Google Places API","See Google Places photo attribution response"
"PG009","Sky Luxury PG For Gents","Bagalur Cross, Bengaluru","Bagalur Cross","Honnenahalli","0.2","0.5","Yelahanka Metro (Upcoming)","7.0","11000","11000","Maintenance included","Dormitory","Semi Furnished","Shared","No","Yes","Yes","Yes","Yes","3.9","Yes","4.0","4.5","4.0","NoBroker","https://www.google.com/maps/place/?q=place_id:ChIJ0Yy9R3YZrjsR1pY_b35rI_M","/static/images/double.png","ChIJ0Yy9R3YZrjsR1pY_b35rI_M","https://www.google.com/maps/search/?api=1&query=Sky%20Luxury%20PG%20For%20Gents%20Bagalur%20Cross%2C%20Bengaluru&query_place_id=ChIJ0Yy9R3YZrjsR1pY_b35rI_M","/api/place-photo/ChIJ0Yy9R3YZrjsR1pY_b35rI_M","Google Places API","See Google Places photo attribution response"
"PG010","PRSC Trust Boys Hostel","Chikka Bommasandra, Bengaluru","Chikka Bommasandra","Singanayakanahalli","5.7","0.6","Yelahanka Metro (Upcoming)","4.4","7000","7000","Electricity extra","Dormitory","Semi Furnished","Shared","Yes","Yes","Yes","No","No","4.4","Yes","4.0","3.6","4.5","JustDial","https://www.google.com/maps/place/?q=place_id:ChIJga7hcigYrjsRyjeCoBj5wEc","/static/images/double.png","ChIJga7hcigYrjsRyjeCoBj5wEc","https://www.google.com/maps/search/?api=1&query=PRSC%20Trust%20Boys%20Hostel%20Chikka%20Bommasandra%2C%20Bengaluru&query_place_id=ChIJga7hcigYrjsRyjeCoBj5wEc","/api/place-photo/ChIJga7hcigYrjsRyjeCoBj5wEc","Google Places API","See Google Places photo attribution response"
"PG011","Elite Stay PG 10","Chikka Bommasandra, Bengaluru, Karnataka","Chikka Bommasandra","Aerodrum","1.2","0.6","Yelahanka Metro (Upcoming)","6.8","12000","12000","Maintenance included","Dormitory","Fully Furnished","Attached","No","No","No","No","Yes","4.6","Yes","3.8","4.6","4.8","Google Maps","https://maps.google.com/?q=Elite+Stay+PG+10+Chikka+Bommasandra+Yelahanka+Bengaluru","/static/images/double.png","","https://www.google.com/maps/search/?api=1&query=Elite%20Stay%20PG%2010%20Chikka%20Bommasandra%2C%20Bengaluru%2C%20Karnataka","/static/images/double.png","Local fallback",""
"PG012","Comfort Stay PG 11","Nagenahalli, Bengaluru, Karnataka","Nagenahalli","Honnenahalli","1.5","0.5","Yelahanka Metro (Upcoming)","8.8","11000","11000","No additional charges","Triple","Semi Furnished","Attached","No","Yes","No","No","No","4.2","Yes","4.1","3.6","3.8","Google Maps","https://maps.google.com/?q=Comfort+Stay+PG+11+Nagenahalli+Yelahanka+Bengaluru","/static/images/triple.png","","https://www.google.com/maps/search/?api=1&query=Comfort%20Stay%20PG%2011%20Nagenahalli%2C%20Bengaluru%2C%20Karnataka","/static/images/triple.png","Local fallback",""
"PG013","Annapurna PG 12","Avalahalli, Bengaluru, Karnataka","Avalahalli","GKVK","1.8","0.2","Yelahanka Metro (Upcoming)","6.6","7500","7500","Electricity extra","Double","Semi Furnished","Shared","Yes","Yes","No","No","Yes","4.4","Yes","4.7","3.5","4.2","Google Maps","https://maps.google.com/?q=Annapurna+PG+12+Avalahalli+Yelahanka+Bengaluru","/static/images/double.png","","https://www.google.com/maps/search/?api=1&query=Annapurna%20PG%2012%20Avalahalli%2C%20Bengaluru%2C%20Karnataka","/static/images/double.png","Local fallback",""
"PG014","Sri Sai PG 13","Bagalur Cross, Bengaluru, Karnataka","Bagalur Cross","GKVK","4.9","0.8","Yelahanka Metro (Upcoming)","9.3","9000","9000","No additional charges","Dormitory","Fully Furnished","Attached","Yes","No","Yes","Yes","Yes","4.3","No","4.7","4.1","4.0","NoBroker","https://maps.google.com/?q=Sri+Sai+PG+13+Bagalur+Cross+Yelahanka+Bengaluru","/static/images/double.png","","https://www.google.com/maps/search/?api=1&query=Sri%20Sai%20PG%2013%20Bagalur%20Cross%2C%20Bengaluru%2C%20Karnataka","/static/images/double.png","Local fallback",""
"PG015","Annapurna PG 14","Avalahalli, Bengaluru, Karnataka","Avalahalli","Shriramanahalli Gate","4.2","0.5","Yelahanka Metro (Upcoming)","9.0","8000","8000","Electricity extra","Single","Fully Furnished","Shared","Yes","Yes","No","Yes","Yes","4.6","Yes","4.8","4.2","4.3","Google Maps","https://maps.google.com/?q=Annapurna+PG+14+Avalahalli+Yelahanka+Bengaluru","/static/images/single.png","","https://www.google.com/maps/search/?api=1&query=Annapurna%20PG%2014%20Avalahalli%2C%20Bengaluru%2C%20Karnataka","/static/images/single.png","Local fallback",""
"PG016","Vivek Hostel 15","Avalahalli, Bengaluru, Karnataka","Avalahalli","Escorts Yelahanka Road","2.8","0.4","Yelahanka Metro (Upcoming)","7.8","8000","8000","Electricity extra","Dormitory","Fully Furnished","Shared","No","No","Yes","Yes","Yes","4.6","Yes","3.6","4.0","4.0","JustDial","https://maps.google.com/?q=Vivek+Hostel+15+Avalahalli+Yelahanka+Bengaluru","/static/images/double.png","","https://www.google.com/maps/search/?api=1&query=Vivek%20Hostel%2015%20Avalahalli%2C%20Bengaluru%2C%20Karnataka","/static/images/double.png","Local fallback",""
"PG017","Comfort Stay PG 16","Nagenahalli, Bengaluru, Karnataka","Nagenahalli","CRPF","5.2","0.4","Yelahanka Metro (Upcoming)","6.7","8000","8000","No additional charges","Single","Semi Furnished","Attached","No","No","Yes","Yes","Yes","4.6","Yes","3.5","3.6","4.3","JustDial","https://maps.google.com/?q=Comfort+Stay+PG+16+Nagenahalli+Yelahanka+Bengaluru","/static/images/single.png","","https://www.google.com/maps/search/?api=1&query=Comfort%20Stay%20PG%2016%20Nagenahalli%2C%20Bengaluru%2C%20Karnataka","/static/images/single.png","Local fallback",""
"PG018","Royal Residency PG 17","Rajanukunte, Bengaluru, Karnataka","Rajanukunte","Anantapura Gate","2.9","0.6","Yelahanka Metro (Upcoming)","7.3","11000","11000","No additional charges","Single","Semi Furnished","Shared","No","No","No","Yes","Yes","4.7","No","4.2","4.7","3.8","JustDial","https://maps.google.com/?q=Royal+Residency+PG+17+Rajanukunte+Yelahanka+Bengaluru","/static/images/single.png","","https://www.google.com/maps/search/?api=1&query=Royal%20Residency%20PG%2017%20Rajanukunte%2C%20Bengaluru%2C%20Karnataka","/static/images/single.png","Local fallback",""
"PG019","SVR Luxury PG 18","Nagenahalli, Bengaluru, Karnataka","Nagenahalli","Yelahanka NES Office","3.6","0.3","Yelahanka Metro (Upcoming)","9.7","12000","12000","Electricity extra","Single","Semi Furnished","Attached","No","No","Yes","No","No","4.4","No","3.7","3.7","4.2","NoBroker","https://maps.google.com/?q=SVR+Luxury+PG+18+Nagenahalli+Yelahanka+Bengaluru","/static/images/single.png","","https://www.google.com/maps/search/?api=1&query=SVR%20Luxury%20PG%2018%20Nagenahalli%2C%20Bengaluru%2C%20Karnataka","/static/images/single.png","Local fallback",""
"PG020","Vivek Hostel 19","Attur Layout, Bengaluru, Karnataka","Attur Layout","Nagenahalli Gate","1.7","0.3","Yelahanka Metro (Upcoming)","6.5","10000","10000","Electricity extra","Single","Semi Furnished","Shared","Yes","Yes","No","Yes","Yes","4.1","Yes","3.9","4.1","4.2","Google Maps","https://maps.google.com/?q=Vivek+Hostel+19+Attur+Layout+Yelahanka+Bengaluru","/static/images/single.png","","https://www.google.com/maps/search/?api=1&query=Vivek%20Hostel%2019%20Attur%20Layout%2C%20Bengaluru%2C%20Karnataka","/static/images/single.png","Local fallback",""
"PG021","Sri Sai PG 20","Chikka Bommasandra, Bengaluru, Karnataka","Chikka Bommasandra","Aerodrum","1.6","0.3","Yelahanka Metro (Upcoming)","4.7","9000","9000","No additional charges","Dormitory","Fully Furnished","Attached","No","No","No","No","No","4.2","Yes","3.5","4.4","4.5","Google Maps","https://maps.google.com/?q=Sri+Sai+PG+20+Chikka+Bommasandra+Yelahanka+Bengaluru","/static/images/double.png","","https://www.google.com/maps/search/?api=1&query=Sri%20Sai%20PG%2020%20Chikka%20Bommasandra%2C%20Bengaluru%2C%20Karnataka","/static/images/double.png","Local fallback",""
"PG022","Green Nest PG 21","Avalahalli, Bengaluru, Karnataka","Avalahalli","Yelahanka Police Station","5.8","0.8","Yelahanka Metro (Upcoming)","7.8","6500","6500","No additional charges","Triple","Semi Furnished","Attached","No","No","No","No","No","4.2","No","4.3","4.5","4.5","JustDial","https://maps.google.com/?q=Green+Nest+PG+21+Avalahalli+Yelahanka+Bengaluru","/static/images/triple.png","","https://www.google.com/maps/search/?api=1&query=Green%20Nest%20PG%2021%20Avalahalli%2C%20Bengaluru%2C%20Karnataka","/static/images/triple.png","Local fallback",""
"PG023","Lakshmi Residency PG 22","Nagenahalli, Bengaluru, Karnataka","Nagenahalli","Yelahanka NES Office","4.0","0.2","Yelahanka Metro (Upcoming)","4.8","6500","6500","No additional charges","Single","Fully Furnished","Attached","Yes","Yes","No","Yes","No","4.5","Yes","3.8","4.5","4.4","MagicBricks","https://maps.google.com/?q=Lakshmi+Residency+PG+22+Nagenahalli+Yelahanka+Bengaluru","/static/images/single.png","","https://www.google.com/maps/search/?api=1&query=Lakshmi%20Residency%20PG%2022%20Nagenahalli%2C%20Bengaluru%2C%20Karnataka","/static/images/single.png","Local fallback",""
"PG024","Vivek Hostel 23","Chikka Bommasandra, Bengaluru, Karnataka","Chikka Bommasandra","Avalahalli","3.9","0.2","Yelahanka Metro (Upcoming)","4.9","8000","8000","Electricity extra","Triple","Semi Furnished","Attached","No","No","No","No","Yes","4.6","No","3.9","4.0","4.2","JustDial","https://maps.google.com/?q=Vivek+Hostel+23+Chikka+Bommasandra+Yelahanka+Bengaluru","/static/images/triple.png","","https://www.google.com/maps/search/?api=1&query=Vivek%20Hostel%2023%20Chikka%20Bommasandra%2C%20Bengaluru%2C%20Karnataka","/static/images/triple.png","Local fallback",""
"PG025","Sri Sai PG 24","Yelahanka, Bengaluru, Karnataka","Yelahanka","Singanayakanahalli","3.2","0.5","Yelahanka Metro (Upcoming)","5.3","9000","9000","No additional charges","Triple","Fully Furnished","Shared","Yes","No","Yes","Yes","No","3.9","Yes","4.0","4.0","4.6","Google Maps","https://maps.google.com/?q=Sri+Sai+PG+24+Yelahanka+Yelahanka+Bengaluru","/static/images/triple.png","","https://www.google.com/maps/search/?api=1&query=Sri%20Sai%20PG%2024%20Yelahanka%2C%20Bengaluru%2C%20Karnataka","/static/images/triple.png","Local fallback",""
"PG026","Comfort Stay PG 25","Nagenahalli, Bengaluru, Karnataka","Nagenahalli","GKVK","5.4","0.8","Yelahanka Metro (Upcoming)","9.7","8500","8500","Maintenance included","Dormitory","Fully Furnished","Shared","No","Yes","Yes","Yes","No","3.9","No","4.8","4.0","4.2","JustDial","https://maps.google.com/?q=Comfort+Stay+PG+25+Nagenahalli+Yelahanka+Bengaluru","/static/images/double.png","","https://www.google.com/maps/search/?api=1&query=Comfort%20Stay%20PG%2025%20Nagenahalli%2C%20Bengaluru%2C%20Karnataka","/static/images/double.png","Local fallback",""
"PG027","Annapurna PG 26","Attur Layout, Bengaluru, Karnataka","Attur Layout","Puttena Halli","3.0","0.1","Yelahanka Metro (Upcoming)","5.7","8500","8500","Electricity + WiFi extra","Single","Fully Furnished","Attached","No","Yes","Yes","Yes","No","4.4","Yes","3.5","3.8","4.3","MagicBricks","https://maps.google.com/?q=Annapurna+PG+26+Attur+Layout+Yelahanka+Bengaluru","/static/images/single.png","","https://www.google.com/maps/search/?api=1&query=Annapurna%20PG%2026%20Attur%20Layout%2C%20Bengaluru%2C%20Karnataka","/static/images/single.png","Local fallback",""
"PG028","Green Nest PG 27","Avalahalli, Bengaluru, Karnataka","Avalahalli","Puttena Halli","1.5","0.8","Yelahanka Metro (Upcoming)","6.7","11000","11000","Electricity + WiFi extra","Dormitory","Fully Furnished","Attached","Yes","No","No","No","No","4.3","Yes","4.0","4.3","4.4","JustDial","https://maps.google.com/?q=Green+Nest+PG+27+Avalahalli+Yelahanka+Bengaluru","/static/images/double.png","","https://www.google.com/maps/search/?api=1&query=Green%20Nest%20PG%2027%20Avalahalli%2C%20Bengaluru%2C%20Karnataka","/static/images/double.png","Local fallback",""
"PG029","Elite Stay PG 28","Yelahanka, Bengaluru, Karnataka","Yelahanka","Yelahanka Police Station","1.7","0.2","Yelahanka Metro (Upcoming)","4.2","8500","8500","No additional charges","Dormitory","Semi Furnished","Attached","No","Yes","No","Yes","Yes","4.0","No","4.0","4.7","4.5","MagicBricks","https://maps.google.com/?q=Elite+Stay+PG+28+Yelahanka+Yelahanka+Bengaluru","/static/images/double.png","","https://www.google.com/maps/search/?api=1&query=Elite%20Stay%20PG%2028%20Yelahanka%2C%20Bengaluru%2C%20Karnataka","/static/images/double.png","Local fallback",""
"PG030","Annapurna PG 29","Yelahanka, Bengaluru, Karnataka","Yelahanka","Yelahanka NES Office","6.4","0.4","Yelahanka Metro (Upcoming)","4.7","10000","10000","Electricity extra","Dormitory","Fully Furnished","Shared","No","Yes","Yes","Yes","No","4.0","Yes","3.6","4.2","3.8","Google Maps","https://maps.google.com/?q=Annapurna+PG+29+Yelahanka+Yelahanka+Bengaluru","/static/images/double.png","","https://www.google.com/maps/search/?api=1&query=Annapurna%20PG%2029%20Yelahanka%2C%20Bengaluru%2C%20Karnataka","/static/images/double.png","Local fallback",""
"PG031","SVR Luxury PG 30","Nagenahalli, Bengaluru, Karnataka","Nagenahalli","Aradeshanahalli","4.0","0.1","Yelahanka Metro (Upcoming)","7.5","6500","6500","Maintenance included","Single","Fully Furnished","Shared","No","Yes","Yes","Yes","No","4.8","No","3.9","4.7","4.7","MagicBricks","https://maps.google.com/?q=SVR+Luxury+PG+30+Nagenahalli+Yelahanka+Bengaluru","/static/images/single.png","","https://www.google.com/maps/search/?api=1&query=SVR%20Luxury%20PG%2030%20Nagenahalli%2C%20Bengaluru%2C%20Karnataka","/static/images/single.png","Local fallback",""
"PG032","Green Nest PG 31","Yelahanka, Bengaluru, Karnataka","Yelahanka","Nagenahalli Gate","4.7","0.4","Yelahanka Metro (Upcoming)","9.9","7500","7500","Electricity extra","Triple","Semi Furnished","Shared","Yes","No","Yes","No","No","4.1","Yes","4.0","4.1","4.8","JustDial","https://maps.google.com/?q=Green+Nest+PG+31+Yelahanka+Yelahanka+Bengaluru","/static/images/triple.png","","https://www.google.com/maps/search/?api=1&query=Green%20Nest%20PG%2031%20Yelahanka%2C%20Bengaluru%2C%20Karnataka","/static/images/triple.png","Local fallback",""
"PG033","Annapurna PG 32","Nagenahalli, Bengaluru, Karnataka","Nagenahalli","CRPF","4.8","0.6","Yelahanka Metro (Upcoming)","7.5","11000","11000","Maintenance included","Single","Fully Furnished","Shared","Yes","Yes","Yes","No","Yes","4.3","No","4.5","4.5","4.6","JustDial","https://maps.google.com/?q=Annapurna+PG+32+Nagenahalli+Yelahanka+Bengaluru","/static/images/single.png","","https://www.google.com/maps/search/?api=1&query=Annapurna%20PG%2032%20Nagenahalli%2C%20Bengaluru%2C%20Karnataka","/static/images/single.png","Local fallback",""
"PG034","Sri Sai PG 33","Chikka Bommasandra, Bengaluru, Karnataka","Chikka Bommasandra","Yelahanka Police Station","1.7","0.8","Yelahanka Metro (Upcoming)","7.5","7500","7500","Maintenance included","Triple","Fully Furnished","Shared","No","No","Yes","No","No","4.1","Yes","4.1","3.6","4.8","MagicBricks","https://maps.google.com/?q=Sri+Sai+PG+33+Chikka+Bommasandra+Yelahanka+Bengaluru","/static/images/triple.png","","https://www.google.com/maps/search/?api=1&query=Sri%20Sai%20PG%2033%20Chikka%20Bommasandra%2C%20Bengaluru%2C%20Karnataka","/static/images/triple.png","Local fallback",""
"PG035","Green Nest PG 34","Bagalur Cross, Bengaluru, Karnataka","Bagalur Cross","CRPF","0.8","0.7","Yelahanka Metro (Upcoming)","9.7","12000","12000","No additional charges","Dormitory","Fully Furnished","Attached","Yes","Yes","No","No","Yes","4.9","Yes","3.7","4.5","4.1","MagicBricks","https://maps.google.com/?q=Green+Nest+PG+34+Bagalur+Cross+Yelahanka+Bengaluru","/static/images/double.png","","https://www.google.com/maps/search/?api=1&query=Green%20Nest%20PG%2034%20Bagalur%20Cross%2C%20Bengaluru%2C%20Karnataka","/static/images/double.png","Local fallback",""
"PG036","Comfort Stay PG 35","Avalahalli, Bengaluru, Karnataka","Avalahalli","Aradeshanahalli","6.3","0.2","Yelahanka Metro (Upcoming)","6.1","8500","8500","Maintenance included","Single","Fully Furnished","Attached","No","Yes","No","No","No","4.1","Yes","4.2","4.7","3.9","MagicBricks","https://maps.google.com/?q=Comfort+Stay+PG+35+Avalahalli+Yelahanka+Bengaluru","/static/images/single.png","","https://www.google.com/maps/search/?api=1&query=Comfort%20Stay%20PG%2035%20Avalahalli%2C%20Bengaluru%2C%20Karnataka","/static/images/single.png","Local fallback",""
"PG037","Comfort Stay PG 36","Rajanukunte, Bengaluru, Karnataka","Rajanukunte","Avalahalli","4.0","0.6","Yelahanka Metro (Upcoming)","9.9","9000","9000","Electricity + WiFi extra","Dormitory","Semi Furnished","Shared","No","No","Yes","Yes","Yes","4.7","Yes","3.6","4.8","4.9","JustDial","https://maps.google.com/?q=Comfort+Stay+PG+36+Rajanukunte+Yelahanka+Bengaluru","/static/images/double.png","","https://www.google.com/maps/search/?api=1&query=Comfort%20Stay%20PG%2036%20Rajanukunte%2C%20Bengaluru%2C%20Karnataka","/static/images/double.png","Local fallback",""
"PG038","Vivek Hostel 37","Chikka Bommasandra, Bengaluru, Karnataka","Chikka Bommasandra","Aradeshanahalli","2.6","0.5","Yelahanka Metro (Upcoming)","4.3","9000","9000","Electricity + WiFi extra","Triple","Semi Furnished","Attached","Yes","Yes","Yes","Yes","No","4.5","No","3.6","3.8","4.0","MagicBricks","https://maps.google.com/?q=Vivek+Hostel+37+Chikka+Bommasandra+Yelahanka+Bengaluru","/static/images/triple.png","","https://www.google.com/maps/search/?api=1&query=Vivek%20Hostel%2037%20Chikka%20Bommasandra%2C%20Bengaluru%2C%20Karnataka","/static/images/triple.png","Local fallback",""
"PG039","Annapurna PG 38","Bagalur Cross, Bengaluru, Karnataka","Bagalur Cross","Puttena Halli","1.8","0.8","Yelahanka Metro (Upcoming)","4.6","7000","7000","No additional charges","Dormitory","Semi Furnished","Attached","No","Yes","No","Yes","Yes","4.2","Yes","4.5","3.8","4.8","Google Maps","https://maps.google.com/?q=Annapurna+PG+38+Bagalur+Cross+Yelahanka+Bengaluru","/static/images/double.png","","https://www.google.com/maps/search/?api=1&query=Annapurna%20PG%2038%20Bagalur%20Cross%2C%20Bengaluru%2C%20Karnataka","/static/images/double.png","Local fallback",""
"PG040","Lakshmi Residency PG 39","Yelahanka, Bengaluru, Karnataka","Yelahanka","Wheel And Axle Plant","5.2","0.7","Yelahanka Metro (Upcoming)","8.8","9000","9000","Electricity extra","Triple","Semi Furnished","Attached","Yes","Yes","Yes","Yes","Yes","4.4","No","4.4","4.5","4.4","JustDial","https://maps.google.com/?q=Lakshmi+Residency+PG+39+Yelahanka+Yelahanka+Bengaluru","/static/images/triple.png","","https://www.google.com/maps/search/?api=1&query=Lakshmi%20Residency%20PG%2039%20Yelahanka%2C%20Bengaluru%2C%20Karnataka","/static/images/triple.png","Local fallback",""
"PG041","SVR Luxury PG 40","Avalahalli, Bengaluru, Karnataka","Avalahalli","Singanayakanahalli","3.2","0.6","Yelahanka Metro (Upcoming)","5.8","8000","8000","No additional charges","Dormitory","Semi Furnished","Shared","Yes","Yes","No","No","Yes","4.0","Yes","4.3","4.2","4.1","Google Maps","https://maps.google.com/?q=SVR+Luxury+PG+40+Avalahalli+Yelahanka+Bengaluru","/static/images/double.png","","https://www.google.com/maps/search/?api=1&query=SVR%20Luxury%20PG%2040%20Avalahalli%2C%20Bengaluru%2C%20Karnataka","/static/images/double.png","Local fallback",""
"PG042","Lakshmi Residency PG 41","Nagenahalli, Bengaluru, Karnataka","Nagenahalli","Aradeshanahalli","5.7","0.7","Yelahanka Metro (Upcoming)","6.5","11000","11000","Maintenance included","Triple","Fully Furnished","Shared","No","Yes","No","Yes","Yes","4.0","No","4.2","3.8","4.4","NoBroker","https://maps.google.com/?q=Lakshmi+Residency+PG+41+Nagenahalli+Yelahanka+Bengaluru","/static/images/triple.png","","https://www.google.com/maps/search/?api=1&query=Lakshmi%20Residency%20PG%2041%20Nagenahalli%2C%20Bengaluru%2C%20Karnataka","/static/images/triple.png","Local fallback",""
"PG043","Elite Stay PG 42","Bagalur Cross, Bengaluru, Karnataka","Bagalur Cross","Singanayakanahalli","3.0","0.3","Yelahanka Metro (Upcoming)","7.1","8500","8500","Maintenance included","Double","Fully Furnished","Shared","Yes","Yes","Yes","Yes","Yes","4.1","No","4.2","3.5","3.9","Google Maps","https://maps.google.com/?q=Elite+Stay+PG+42+Bagalur+Cross+Yelahanka+Bengaluru","/static/images/double.png","","https://www.google.com/maps/search/?api=1&query=Elite%20Stay%20PG%2042%20Bagalur%20Cross%2C%20Bengaluru%2C%20Karnataka","/static/images/double.png","Local fallback",""
"PG044","Sri Sai PG 43","Bagalur Cross, Bengaluru, Karnataka","Bagalur Cross","CRPF","4.1","0.2","Yelahanka Metro (Upcoming)","8.3","9000","9000","Electricity + WiFi extra","Double","Fully Furnished","Shared","Yes","No","Yes","Yes","No","4.0","No","4.7","3.7","4.4","NoBroker","https://maps.google.com/?q=Sri+Sai+PG+43+Bagalur+Cross+Yelahanka+Bengaluru","/static/images/double.png","","https://www.google.com/maps/search/?api=1&query=Sri%20Sai%20PG%2043%20Bagalur%20Cross%2C%20Bengaluru%2C%20Karnataka","/static/images/double.png","Local fallback",""
"PG045","Lakshmi Residency PG 44","Avalahalli, Bengaluru, Karnataka","Avalahalli","GKVK","6.2","0.7","Yelahanka Metro (Upcoming)","9.0","7500","7500","Electricity extra","Single","Semi Furnished","Shared","No","Yes","No","Yes","No","3.9","Yes","4.6","4.7","4.2","JustDial","https://maps.google.com/?q=Lakshmi+Residency+PG+44+Avalahalli+Yelahanka+Bengaluru","/static/images/single.png","","https://www.google.com/maps/search/?api=1&query=Lakshmi%20Residency%20PG%2044%20Avalahalli%2C%20Bengaluru%2C%20Karnataka","/static/images/single.png","Local fallback",""
"PG046","Vivek Hostel 45","Yelahanka, Bengaluru, Karnataka","Yelahanka","Yelahanka NES Office","1.9","0.3","Yelahanka Metro (Upcoming)","8.9","8500","8500","Electricity + WiFi extra","Dormitory","Semi Furnished","Shared","Yes","Yes","Yes","Yes","No","4.2","No","4.2","4.2","4.3","Google Maps","https://maps.google.com/?q=Vivek+Hostel+45+Yelahanka+Yelahanka+Bengaluru","/static/images/double.png","","https://www.google.com/maps/search/?api=1&query=Vivek%20Hostel%2045%20Yelahanka%2C%20Bengaluru%2C%20Karnataka","/static/images/double.png","Local fallback",""
"PG047","SVR Luxury PG 46","Bagalur Cross, Bengaluru, Karnataka","Bagalur Cross","Aerodrum","0.3","0.7","Yelahanka Metro (Upcoming)","7.2","11000","11000","No additional charges","Dormitory","Fully Furnished","Shared","No","Yes","No","Yes","No","4.1","No","4.8","4.3","4.0","JustDial","https://maps.google.com/?q=SVR+Luxury+PG+46+Bagalur+Cross+Yelahanka+Bengaluru","/static/images/double.png","","https://www.google.com/maps/search/?api=1&query=SVR%20Luxury%20PG%2046%20Bagalur%20Cross%2C%20Bengaluru%2C%20Karnataka","/static/images/double.png","Local fallback",""
"PG048","Elite Stay PG 47","Yelahanka, Bengaluru, Karnataka","Yelahanka","Avalahalli","4.8","0.5","Yelahanka Metro (Upcoming)","9.0","7500","7500","Maintenance included","Single","Fully Furnished","Shared","Yes","No","Yes","Yes","No","4.4","Yes","4.3","4.4","4.7","NoBroker","https://maps.google.com/?q=Elite+Stay+PG+47+Yelahanka+Yelahanka+Bengaluru","/static/images/single.png","","https://www.google.com/maps/search/?api=1&query=Elite%20Stay%20PG%2047%20Yelahanka%2C%20Bengaluru%2C%20Karnataka","/static/images/single.png","Local fallback",""
"PG049","Comfort Stay PG 48","Avalahalli, Bengaluru, Karnataka","Avalahalli","Anantapura Gate","1.7","0.2","Yelahanka Metro (Upcoming)","4.7","8500","8500","Electricity + WiFi extra","Single","Fully Furnished","Attached","Yes","No","Yes","Yes","No","4.5","Yes","3.9","3.6","3.9","Google Maps","https://maps.google.com/?q=Comfort+Stay+PG+48+Avalahalli+Yelahanka+Bengaluru","/static/images/single.png","","https://www.google.com/maps/search/?api=1&query=Comfort%20Stay%20PG%2048%20Avalahalli%2C%20Bengaluru%2C%20Karnataka","/static/images/single.png","Local fallback",""
"PG050","Sri Sai PG 49","Chikka Bommasandra, Bengaluru, Karnataka","Chikka Bommasandra","Shriramanahalli Gate","5.7","0.8","Yelahanka Metro (Upcoming)","6.8","9000","9000","Maintenance included","Triple","Semi Furnished","Attached","No","No","No","No","Yes","4.0","No","4.6","4.2","4.6","NoBroker","https://maps.google.com/?q=Sri+Sai+PG+49+Chikka+Bommasandra+Yelahanka+Bengaluru","/static/images/triple.png","","https://www.google.com/maps/search/?api=1&query=Sri%20Sai%20PG%2049%20Chikka%20Bommasandra%2C%20Bengaluru%2C%20Karnataka","/static/images/triple.png","Local fallback",""
"PG051","Annapurna PG 50","Avalahalli, Bengaluru, Karnataka","Avalahalli","GKVK","4.3","0.5","Yelahanka Metro (Upcoming)","8.2","7000","7000","Electricity extra","Dormitory","Fully Furnished","Shared","Yes","No","Yes","No","No","4.7","Yes","4.2","4.0","4.8","Google Maps","https://maps.google.com/?q=Annapurna+PG+50+Avalahalli+Yelahanka+Bengaluru","/static/images/double.png","","https://www.google.com/maps/search/?api=1&query=Annapurna%20PG%2050%20Avalahalli%2C%20Bengaluru%2C%20Karnataka","/static/images/double.png","Local fallback",""
"PG052","SVR Luxury PG 51","Yelahanka, Bengaluru, Karnataka","Yelahanka","GKVK","5.9","0.9","Yelahanka Metro (Upcoming)","5.3","12000","12000","Electricity extra","Triple","Fully Furnished","Attached","No","Yes","Yes","No","No","3.9","Yes","4.8","4.3","3.9","MagicBricks","https://maps.google.com/?q=SVR+Luxury+PG+51+Yelahanka+Yelahanka+Bengaluru","/static/images/triple.png","","https://www.google.com/maps/search/?api=1&query=SVR%20Luxury%20PG%2051%20Yelahanka%2C%20Bengaluru%2C%20Karnataka","/static/images/triple.png","Local fallback",""
"PG053","Vivek Hostel 52","Yelahanka, Bengaluru, Karnataka","Yelahanka","Shriramanahalli Gate","4.6","0.4","Yelahanka Metro (Upcoming)","9.8","12000","12000","Maintenance included","Triple","Semi Furnished","Attached","Yes","No","Yes","Yes","No","4.4","Yes","4.4","4.0","4.3","JustDial","https://maps.google.com/?q=Vivek+Hostel+52+Yelahanka+Yelahanka+Bengaluru","/static/images/triple.png","","https://www.google.com/maps/search/?api=1&query=Vivek%20Hostel%2052%20Yelahanka%2C%20Bengaluru%2C%20Karnataka","/static/images/triple.png","Local fallback",""
"PG054","Royal Residency PG 53","Nagenahalli, Bengaluru, Karnataka","Nagenahalli","GKVK","1.6","0.1","Yelahanka Metro (Upcoming)","7.7","12000","12000","Maintenance included","Triple","Semi Furnished","Attached","No","Yes","No","Yes","Yes","3.8","Yes","4.3","4.7","4.1","NoBroker","https://maps.google.com/?q=Royal+Residency+PG+53+Nagenahalli+Yelahanka+Bengaluru","/static/images/triple.png","","https://www.google.com/maps/search/?api=1&query=Royal%20Residency%20PG%2053%20Nagenahalli%2C%20Bengaluru%2C%20Karnataka","/static/images/triple.png","Local fallback",""
"PG055","Royal Residency PG 54","Attur Layout, Bengaluru, Karnataka","Attur Layout","Aerodrum","5.3","0.2","Yelahanka Metro (Upcoming)","7.1","10000","10000","Electricity + WiFi extra","Triple","Fully Furnished","Shared","No","No","No","Yes","Yes","4.6","No","4.0","3.7","3.9","JustDial","https://maps.google.com/?q=Royal+Residency+PG+54+Attur+Layout+Yelahanka+Bengaluru","/static/images/triple.png","","https://www.google.com/maps/search/?api=1&query=Royal%20Residency%20PG%2054%20Attur%20Layout%2C%20Bengaluru%2C%20Karnataka","/static/images/triple.png","Local fallback",""
"PG056","Comfort Stay PG 55","Avalahalli, Bengaluru, Karnataka","Avalahalli","Singanayakanahalli","0.4","0.1","Yelahanka Metro (Upcoming)","9.8","11000","11000","No additional charges","Triple","Semi Furnished","Attached","No","Yes","Yes","No","Yes","4.3","Yes","4.1","4.4","4.2","Google Maps","https://maps.google.com/?q=Comfort+Stay+PG+55+Avalahalli+Yelahanka+Bengaluru","/static/images/triple.png","","https://www.google.com/maps/search/?api=1&query=Comfort%20Stay%20PG%2055%20Avalahalli%2C%20Bengaluru%2C%20Karnataka","/static/images/triple.png","Local fallback",""
"PG057","Comfort Stay PG 56","Nagenahalli, Bengaluru, Karnataka","Nagenahalli","Suradenapura Gate","4.4","0.6","Yelahanka Metro (Upcoming)","9.9","9000","9000","Maintenance included","Triple","Semi Furnished","Attached","Yes","No","Yes","Yes","Yes","4.3","Yes","4.2","4.4","4.3","MagicBricks","https://maps.google.com/?q=Comfort+Stay+PG+56+Nagenahalli+Yelahanka+Bengaluru","/static/images/triple.png","","https://www.google.com/maps/search/?api=1&query=Comfort%20Stay%20PG%2056%20Nagenahalli%2C%20Bengaluru%2C%20Karnataka","/static/images/triple.png","Local fallback",""
"PG058","Comfort Stay PG 57","Attur Layout, Bengaluru, Karnataka","Attur Layout","Yelahanka Police Station","0.6","0.7","Yelahanka Metro (Upcoming)","8.0","8000","8000","Maintenance included","Single","Semi Furnished","Shared","No","Yes","No","Yes","No","4.6","No","4.4","4.7","4.5","JustDial","https://maps.google.com/?q=Comfort+Stay+PG+57+Attur+Layout+Yelahanka+Bengaluru","/static/images/single.png","","https://www.google.com/maps/search/?api=1&query=Comfort%20Stay%20PG%2057%20Attur%20Layout%2C%20Bengaluru%2C%20Karnataka","/static/images/single.png","Local fallback",""
"PG059","Vivek Hostel 58","Attur Layout, Bengaluru, Karnataka","Attur Layout","Nagenahalli Gate","6.0","0.2","Yelahanka Metro (Upcoming)","9.7","9000","9000","Electricity + WiFi extra","Double","Fully Furnished","Attached","Yes","Yes","No","No","Yes","4.6","No","3.8","4.7","4.6","NoBroker","https://maps.google.com/?q=Vivek+Hostel+58+Attur+Layout+Yelahanka+Bengaluru","/static/images/double.png","","https://www.google.com/maps/search/?api=1&query=Vivek%20Hostel%2058%20Attur%20Layout%2C%20Bengaluru%2C%20Karnataka","/static/images/double.png","Local fallback",""
"PG060","Vivek Hostel 59","Avalahalli, Bengaluru, Karnataka","Avalahalli","Nagenahalli Gate","2.8","0.9","Yelahanka Metro (Upcoming)","8.4","10000","10000","Electricity + WiFi extra","Single","Semi Furnished","Attached","Yes","Yes","Yes","No","Yes","4.1","Yes","4.5","3.8","4.4","NoBroker","https://maps.google.com/?q=Vivek+Hostel+59+Avalahalli+Yelahanka+Bengaluru","/static/images/single.png","","https://www.google.com/maps/search/?api=1&query=Vivek%20Hostel%2059%20Avalahalli%2C%20Bengaluru%2C%20Karnataka","/static/images/single.png","Local fallback",""
"PG061","Royal Residency PG 60","Rajanukunte, Bengaluru, Karnataka","Rajanukunte","Singanayakanahalli","5.7","0.8","Yelahanka Metro (Upcoming)","4.9","9000","9000","Maintenance included","Triple","Semi Furnished","Shared","Yes","No","Yes","No","No","4.3","No","4.0","4.4","4.2","JustDial","https://maps.google.com/?q=Royal+Residency+PG+60+Rajanukunte+Yelahanka+Bengaluru","/static/images/triple.png","","https://www.google.com/maps/search/?api=1&query=Royal%20Residency%20PG%2060%20Rajanukunte%2C%20Bengaluru%2C%20Karnataka","/static/images/triple.png","Local fallback",""
"PG062","Green Nest PG 61","Nagenahalli, Bengaluru, Karnataka","Nagenahalli","Aradeshanahalli","2.5","0.6","Yelahanka Metro (Upcoming)","8.7","7000","7000","Electricity extra","Dormitory","Fully Furnished","Attached","Yes","Yes","No","Yes","Yes","4.2","No","4.8","3.5","4.9","JustDial","https://maps.google.com/?q=Green+Nest+PG+61+Nagenahalli+Yelahanka+Bengaluru","/static/images/double.png","","https://www.google.com/maps/search/?api=1&query=Green%20Nest%20PG%2061%20Nagenahalli%2C%20Bengaluru%2C%20Karnataka","/static/images/double.png","Local fallback",""
"PG063","Elite Stay PG 62","Yelahanka, Bengaluru, Karnataka","Yelahanka","CRPF","6.1","0.3","Yelahanka Metro (Upcoming)","7.9","8000","8000","No additional charges","Single","Semi Furnished","Attached","No","Yes","No","No","Yes","4.4","Yes","3.5","4.3","4.9","JustDial","https://maps.google.com/?q=Elite+Stay+PG+62+Yelahanka+Yelahanka+Bengaluru","/static/images/single.png","","https://www.google.com/maps/search/?api=1&query=Elite%20Stay%20PG%2062%20Yelahanka%2C%20Bengaluru%2C%20Karnataka","/static/images/single.png","Local fallback",""
"PG064","Comfort Stay PG 63","Bagalur Cross, Bengaluru, Karnataka","Bagalur Cross","Nagenahalli Gate","5.0","0.9","Yelahanka Metro (Upcoming)","7.7","11000","11000","No additional charges","Dormitory","Fully Furnished","Shared","Yes","No","Yes","Yes","Yes","4.6","Yes","3.8","4.6","4.5","JustDial","https://maps.google.com/?q=Comfort+Stay+PG+63+Bagalur+Cross+Yelahanka+Bengaluru","/static/images/double.png","","https://www.google.com/maps/search/?api=1&query=Comfort%20Stay%20PG%2063%20Bagalur%20Cross%2C%20Bengaluru%2C%20Karnataka","/static/images/double.png","Local fallback",""
"PG065","Sri Sai PG 64","Avalahalli, Bengaluru, Karnataka","Avalahalli","Anantapura Gate","3.5","0.5","Yelahanka Metro (Upcoming)","8.8","10000","10000","Electricity + WiFi extra","Dormitory","Semi Furnished","Attached","No","No","Yes","Yes","No","4.8","No","4.2","4.4","4.7","Google Maps","https://maps.google.com/?q=Sri+Sai+PG+64+Avalahalli+Yelahanka+Bengaluru","/static/images/double.png","","https://www.google.com/maps/search/?api=1&query=Sri%20Sai%20PG%2064%20Avalahalli%2C%20Bengaluru%2C%20Karnataka","/static/images/double.png","Local fallback",""
"PG066","SVR Luxury PG 65","Attur Layout, Bengaluru, Karnataka","Attur Layout","Avalahalli","6.0","0.1","Yelahanka Metro (Upcoming)","9.9","8000","8000","No additional charges","Double","Semi Furnished","Attached","No","No","No","Yes","Yes","4.2","Yes","4.4","3.9","4.4","NoBroker","https://maps.google.com/?q=SVR+Luxury+PG+65+Attur+Layout+Yelahanka+Bengaluru","/static/images/double.png","","https://www.google.com/maps/search/?api=1&query=SVR%20Luxury%20PG%2065%20Attur%20Layout%2C%20Bengaluru%2C%20Karnataka","/static/images/double.png","Local fallback",""
"PG067","Vivek Hostel 66","Bagalur Cross, Bengaluru, Karnataka","Bagalur Cross","Yelahanka NES Office","1.4","0.3","Yelahanka Metro (Upcoming)","8.5","10000","10000","Maintenance included","Double","Semi Furnished","Shared","No","Yes","No","Yes","Yes","3.9","No","4.3","3.9","3.9","NoBroker","https://maps.google.com/?q=Vivek+Hostel+66+Bagalur+Cross+Yelahanka+Bengaluru","/static/images/double.png","","https://www.google.com/maps/search/?api=1&query=Vivek%20Hostel%2066%20Bagalur%20Cross%2C%20Bengaluru%2C%20Karnataka","/static/images/double.png","Local fallback",""
"PG068","Annapurna PG 67","Nagenahalli, Bengaluru, Karnataka","Nagenahalli","Anantapura Gate","5.6","0.1","Yelahanka Metro (Upcoming)","9.5","7000","7000","Electricity extra","Triple","Fully Furnished","Attached","Yes","No","Yes","No","No","4.9","No","3.6","3.9","4.9","MagicBricks","https://maps.google.com/?q=Annapurna+PG+67+Nagenahalli+Yelahanka+Bengaluru","/static/images/triple.png","","https://www.google.com/maps/search/?api=1&query=Annapurna%20PG%2067%20Nagenahalli%2C%20Bengaluru%2C%20Karnataka","/static/images/triple.png","Local fallback",""
"PG069","Royal Residency PG 68","Chikka Bommasandra, Bengaluru, Karnataka","Chikka Bommasandra","Rajanukunte","3.1","0.2","Yelahanka Metro (Upcoming)","5.3","12000","12000","Electricity + WiFi extra","Single","Fully Furnished","Attached","Yes","No","Yes","Yes","Yes","4.5","Yes","3.9","4.0","4.0","MagicBricks","https://maps.google.com/?q=Royal+Residency+PG+68+Chikka+Bommasandra+Yelahanka+Bengaluru","/static/images/single.png","","https://www.google.com/maps/search/?api=1&query=Royal%20Residency%20PG%2068%20Chikka%20Bommasandra%2C%20Bengaluru%2C%20Karnataka","/static/images/single.png","Local fallback",""
"PG070","Elite Stay PG 69","Rajanukunte, Bengaluru, Karnataka","Rajanukunte","Honnenahalli","0.6","0.4","Yelahanka Metro (Upcoming)","8.1","12000","12000","No additional charges","Single","Semi Furnished","Attached","Yes","Yes","No","No","Yes","4.7","Yes","3.6","3.9","4.3","MagicBricks","https://maps.google.com/?q=Elite+Stay+PG+69+Rajanukunte+Yelahanka+Bengaluru","/static/images/single.png","","https://www.google.com/maps/search/?api=1&query=Elite%20Stay%20PG%2069%20Rajanukunte%2C%20Bengaluru%2C%20Karnataka","/static/images/single.png","Local fallback",""
